{
    "nodes": [
        {
            "id": "DARTH VADER",
            "value": 190,
            "colour": "#000000"
        },
        {
            "id": "R2-D2",
            "value": 171,
            "colour": "#bde0f6"
        },
        {
            "id": "CHEWBACCA",
            "value": 145,
            "colour": "#A0522D"
        },
        {
            "id": "BB-8",
            "value": 40,
            "colour": "#eb5d00"
        },
        {
            "id": "QUI-GON",
            "value": 62,
            "colour": "#4f4fb1"
        },
        {
            "id": "NUTE GUNRAY",
            "value": 25,
            "colour": "#808080"
        },
        {
            "id": "PK-4",
            "value": 4,
            "colour": "#808080"
        },
        {
            "id": "TC-14",
            "value": 5,
            "colour": "#808080"
        },
        {
            "id": "OBI-WAN",
            "value": 148,
            "colour": "#48D1CC"
        },
        {
            "id": "DOFINE",
            "value": 4,
            "colour": "#808080"
        },
        {
            "id": "RUNE",
            "value": 11,
            "colour": "#808080"
        },
        {
            "id": "TEY HOW",
            "value": 5,
            "colour": "#808080"
        },
        {
            "id": "EMPEROR",
            "value": 52,
            "colour": "#191970"
        },
        {
            "id": "CAPTAIN PANAKA",
            "value": 20,
            "colour": "#808080"
        },
        {
            "id": "SIO BIBBLE",
            "value": 9,
            "colour": "#808080"
        },
        {
            "id": "JAR JAR",
            "value": 42,
            "colour": "#9a9a00"
        },
        {
            "id": "TARPALS",
            "value": 4,
            "colour": "#808080"
        },
        {
            "id": "BOSS NASS",
            "value": 5,
            "colour": "#808080"
        },
        {
            "id": "PADME",
            "value": 75,
            "colour": "#DDA0DD"
        },
        {
            "id": "RIC OLIE",
            "value": 12,
            "colour": "#808080"
        },
        {
            "id": "WATTO",
            "value": 9,
            "colour": "#808080"
        },
        {
            "id": "SEBULBA",
            "value": 4,
            "colour": "#808080"
        },
        {
            "id": "JIRA",
            "value": 4,
            "colour": "#808080"
        },
        {
            "id": "SHMI",
            "value": 12,
            "colour": "#808080"
        },
        {
            "id": "C-3PO",
            "value": 151,
            "colour": "#FFD700"
        },
        {
            "id": "DARTH MAUL",
            "value": 6,
            "colour": "#808080"
        },
        {
            "id": "KITSTER",
            "value": 5,
            "colour": "#808080"
        },
        {
            "id": "WALD",
            "value": 4,
            "colour": "#808080"
        },
        {
            "id": "FODE/BEED",
            "value": 12,
            "colour": "#808080"
        },
        {
            "id": "JABBA",
            "value": 8,
            "colour": "#808080"
        },
        {
            "id": "GREEDO",
            "value": 4,
            "colour": "#808080"
        },
        {
            "id": "VALORUM",
            "value": 4,
            "colour": "#808080"
        },
        {
            "id": "MACE WINDU",
            "value": 23,
            "colour": "#808080"
        },
        {
            "id": "KI-ADI-MUNDI",
            "value": 7,
            "colour": "#808080"
        },
        {
            "id": "YODA",
            "value": 46,
            "colour": "#9ACD32"
        },
        {
            "id": "RABE",
            "value": 3,
            "colour": "#808080"
        },
        {
            "id": "BAIL ORGANA",
            "value": 24,
            "colour": "#808080"
        },
        {
            "id": "GENERAL CEEL",
            "value": 5,
            "colour": "#808080"
        },
        {
            "id": "BRAVO TWO",
            "value": 6,
            "colour": "#808080"
        },
        {
            "id": "BRAVO THREE",
            "value": 4,
            "colour": "#808080"
        },
        {
            "id": "CAPTAIN TYPHO",
            "value": 7,
            "colour": "#808080"
        },
        {
            "id": "SENATOR ASK AAK",
            "value": 4,
            "colour": "#808080"
        },
        {
            "id": "ORN FREE TAA",
            "value": 4,
            "colour": "#808080"
        },
        {
            "id": "SOLA",
            "value": 4,
            "colour": "#808080"
        },
        {
            "id": "JOBAL",
            "value": 4,
            "colour": "#808080"
        },
        {
            "id": "RUWEE",
            "value": 5,
            "colour": "#808080"
        },
        {
            "id": "TAUN WE",
            "value": 8,
            "colour": "#808080"
        },
        {
            "id": "LAMA SU",
            "value": 9,
            "colour": "#808080"
        },
        {
            "id": "BOBA FETT",
            "value": 11,
            "colour": "#808080"
        },
        {
            "id": "JANGO FETT",
            "value": 6,
            "colour": "#808080"
        },
        {
            "id": "OWEN",
            "value": 11,
            "colour": "#808080"
        },
        {
            "id": "BERU",
            "value": 7,
            "colour": "#808080"
        },
        {
            "id": "CLIEGG",
            "value": 4,
            "colour": "#808080"
        },
        {
            "id": "COUNT DOOKU",
            "value": 10,
            "colour": "#808080"
        },
        {
            "id": "SUN RIT",
            "value": 4,
            "colour": "#808080"
        },
        {
            "id": "POGGLE",
            "value": 4,
            "colour": "#808080"
        },
        {
            "id": "PLO KOON",
            "value": 4,
            "colour": "#808080"
        },
        {
            "id": "ODD BALL",
            "value": 5,
            "colour": "#808080"
        },
        {
            "id": "GENERAL GRIEVOUS",
            "value": 13,
            "colour": "#808080"
        },
        {
            "id": "FANG ZAR",
            "value": 4,
            "colour": "#808080"
        },
        {
            "id": "MON MOTHMA",
            "value": 5,
            "colour": "#808080"
        },
        {
            "id": "GIDDEAN DANU",
            "value": 3,
            "colour": "#808080"
        },
        {
            "id": "CLONE COMMANDER GREE",
            "value": 5,
            "colour": "#808080"
        },
        {
            "id": "CLONE COMMANDER CODY",
            "value": 5,
            "colour": "#808080"
        },
        {
            "id": "TION MEDON",
            "value": 4,
            "colour": "#808080"
        },
        {
            "id": "CAPTAIN ANTILLES",
            "value": 4,
            "colour": "#808080"
        },
        {
            "id": "LUKE",
            "value": 161,
            "colour": "#3881e5"
        },
        {
            "id": "CAMIE",
            "value": 4,
            "colour": "#808080"
        },
        {
            "id": "BIGGS",
            "value": 19,
            "colour": "#808080"
        },
        {
            "id": "LEIA",
            "value": 99,
            "colour": "#DCDCDC"
        },
        {
            "id": "MOTTI",
            "value": 4,
            "colour": "#808080"
        },
        {
            "id": "TARKIN",
            "value": 13,
            "colour": "#808080"
        },
        {
            "id": "HAN",
            "value": 170,
            "colour": "#ff9400"
        },
        {
            "id": "DODONNA",
            "value": 4,
            "colour": "#808080"
        },
        {
            "id": "GOLD LEADER",
            "value": 15,
            "colour": "#808080"
        },
        {
            "id": "WEDGE",
            "value": 29,
            "colour": "#808080"
        },
        {
            "id": "RED LEADER",
            "value": 34,
            "colour": "#808080"
        },
        {
            "id": "RED TEN",
            "value": 9,
            "colour": "#808080"
        },
        {
            "id": "GOLD FIVE",
            "value": 9,
            "colour": "#808080"
        },
        {
            "id": "RIEEKAN",
            "value": 8,
            "colour": "#808080"
        },
        {
            "id": "DERLIN",
            "value": 4,
            "colour": "#808080"
        },
        {
            "id": "ZEV",
            "value": 7,
            "colour": "#808080"
        },
        {
            "id": "PIETT",
            "value": 13,
            "colour": "#808080"
        },
        {
            "id": "OZZEL",
            "value": 4,
            "colour": "#808080"
        },
        {
            "id": "DACK",
            "value": 5,
            "colour": "#808080"
        },
        {
            "id": "JANSON",
            "value": 5,
            "colour": "#808080"
        },
        {
            "id": "NEEDA",
            "value": 4,
            "colour": "#808080"
        },
        {
            "id": "LANDO",
            "value": 42,
            "colour": "#808080"
        },
        {
            "id": "JERJERROD",
            "value": 4,
            "colour": "#808080"
        },
        {
            "id": "BIB FORTUNA",
            "value": 4,
            "colour": "#808080"
        },
        {
            "id": "BOUSHH",
            "value": 4,
            "colour": "#808080"
        },
        {
            "id": "ADMIRAL ACKBAR",
            "value": 13,
            "colour": "#808080"
        },
        {
            "id": "LOR SAN TEKKA",
            "value": 5,
            "colour": "#808080"
        },
        {
            "id": "POE",
            "value": 31,
            "colour": "#a15bea"
        },
        {
            "id": "KYLO REN",
            "value": 23,
            "colour": "#000000"
        },
        {
            "id": "CAPTAIN PHASMA",
            "value": 7,
            "colour": "#808080"
        },
        {
            "id": "FINN",
            "value": 64,
            "colour": "#07b19f"
        },
        {
            "id": "UNKAR PLUTT",
            "value": 6,
            "colour": "#808080"
        },
        {
            "id": "REY",
            "value": 57,
            "colour": "#ffe0af"
        },
        {
            "id": "GENERAL HUX",
            "value": 15,
            "colour": "#808080"
        },
        {
            "id": "LIEUTENANT MITAKA",
            "value": 4,
            "colour": "#808080"
        },
        {
            "id": "BALA-TIK",
            "value": 5,
            "colour": "#808080"
        },
        {
            "id": "SNOKE",
            "value": 5,
            "colour": "#191970"
        },
        {
            "id": "MAZ",
            "value": 7,
            "colour": "#808080"
        },
        {
            "id": "SNAP",
            "value": 6,
            "colour": "#808080"
        },
        {
            "id": "ADMIRAL STATURA",
            "value": 4,
            "colour": "#808080"
        },
        {
            "id": "YOLO ZIFF",
            "value": 4,
            "colour": "#808080"
        },
        {
            "id": "COLONEL DATOO",
            "value": 4,
            "colour": "#808080"
        },
        {
            "id": "ELLO ASTY",
            "value": 5,
            "colour": "#808080"
        },
        {
            "id": "JESS",
            "value": 5,
            "colour": "#808080"
        },
        {
            "id": "NIV LEK",
            "value": 4,
            "colour": "#808080"
        }
    ],
    "links": [
        {
            "source": "DARTH VADER",
            "target": "R2-D2",
            "weight": 32
        },
        {
            "source": "CHEWBACCA",
            "target": "DARTH VADER",
            "weight": 2
        },
        {
            "source": "DARTH VADER",
            "target": "WATTO",
            "weight": 5
        },
        {
            "source": "DARTH VADER",
            "target": "QUI-GON",
            "weight": 22
        },
        {
            "source": "DARTH VADER",
            "target": "PADME",
            "weight": 41
        },
        {
            "source": "DARTH VADER",
            "target": "SEBULBA",
            "weight": 2
        },
        {
            "source": "DARTH VADER",
            "target": "JAR JAR",
            "weight": 12
        },
        {
            "source": "DARTH VADER",
            "target": "JIRA",
            "weight": 2
        },
        {
            "source": "DARTH VADER",
            "target": "SHMI",
            "weight": 8
        },
        {
            "source": "C-3PO",
            "target": "DARTH VADER",
            "weight": 11
        },
        {
            "source": "DARTH VADER",
            "target": "KITSTER",
            "weight": 3
        },
        {
            "source": "DARTH VADER",
            "target": "WALD",
            "weight": 2
        },
        {
            "source": "DARTH VADER",
            "target": "OBI-WAN",
            "weight": 47
        },
        {
            "source": "DARTH VADER",
            "target": "JABBA",
            "weight": 1
        },
        {
            "source": "DARTH VADER",
            "target": "GREEDO",
            "weight": 1
        },
        {
            "source": "CAPTAIN PANAKA",
            "target": "DARTH VADER",
            "weight": 2
        },
        {
            "source": "DARTH VADER",
            "target": "RIC OLIE",
            "weight": 4
        },
        {
            "source": "DARTH VADER",
            "target": "MACE WINDU",
            "weight": 9
        },
        {
            "source": "DARTH VADER",
            "target": "KI-ADI-MUNDI",
            "weight": 2
        },
        {
            "source": "DARTH VADER",
            "target": "YODA",
            "weight": 9
        },
        {
            "source": "DARTH VADER",
            "target": "RABE",
            "weight": 1
        },
        {
            "source": "BOSS NASS",
            "target": "DARTH VADER",
            "weight": 1
        },
        {
            "source": "BRAVO TWO",
            "target": "DARTH VADER",
            "weight": 2
        },
        {
            "source": "BRAVO THREE",
            "target": "DARTH VADER",
            "weight": 1
        },
        {
            "source": "CAPTAIN TYPHO",
            "target": "DARTH VADER",
            "weight": 3
        },
        {
            "source": "DARTH VADER",
            "target": "SIO BIBBLE",
            "weight": 1
        },
        {
            "source": "DARTH VADER",
            "target": "SOLA",
            "weight": 1
        },
        {
            "source": "DARTH VADER",
            "target": "JOBAL",
            "weight": 1
        },
        {
            "source": "DARTH VADER",
            "target": "RUWEE",
            "weight": 3
        },
        {
            "source": "DARTH VADER",
            "target": "OWEN",
            "weight": 3
        },
        {
            "source": "BERU",
            "target": "DARTH VADER",
            "weight": 1
        },
        {
            "source": "CLIEGG",
            "target": "DARTH VADER",
            "weight": 2
        },
        {
            "source": "DARTH VADER",
            "target": "SUN RIT",
            "weight": 1
        },
        {
            "source": "DARTH VADER",
            "target": "POGGLE",
            "weight": 1
        },
        {
            "source": "DARTH VADER",
            "target": "NUTE GUNRAY",
            "weight": 1
        },
        {
            "source": "COUNT DOOKU",
            "target": "DARTH VADER",
            "weight": 3
        },
        {
            "source": "DARTH VADER",
            "target": "ODD BALL",
            "weight": 2
        },
        {
            "source": "DARTH VADER",
            "target": "EMPEROR",
            "weight": 21
        },
        {
            "source": "DARTH VADER",
            "target": "GENERAL GRIEVOUS",
            "weight": 1
        },
        {
            "source": "BAIL ORGANA",
            "target": "DARTH VADER",
            "weight": 2
        },
        {
            "source": "CLONE COMMANDER CODY",
            "target": "DARTH VADER",
            "weight": 1
        },
        {
            "source": "DARTH VADER",
            "target": "LEIA",
            "weight": 2
        },
        {
            "source": "DARTH VADER",
            "target": "MOTTI",
            "weight": 1
        },
        {
            "source": "DARTH VADER",
            "target": "TARKIN",
            "weight": 7
        },
        {
            "source": "DARTH VADER",
            "target": "PIETT",
            "weight": 8
        },
        {
            "source": "DARTH VADER",
            "target": "OZZEL",
            "weight": 2
        },
        {
            "source": "DARTH VADER",
            "target": "NEEDA",
            "weight": 1
        },
        {
            "source": "BOBA FETT",
            "target": "DARTH VADER",
            "weight": 3
        },
        {
            "source": "DARTH VADER",
            "target": "LANDO",
            "weight": 4
        },
        {
            "source": "DARTH VADER",
            "target": "HAN",
            "weight": 2
        },
        {
            "source": "DARTH VADER",
            "target": "LUKE",
            "weight": 8
        },
        {
            "source": "DARTH VADER",
            "target": "JERJERROD",
            "weight": 1
        },
        {
            "source": "CHEWBACCA",
            "target": "R2-D2",
            "weight": 17
        },
        {
            "source": "BB-8",
            "target": "R2-D2",
            "weight": 2
        },
        {
            "source": "BB-8",
            "target": "CHEWBACCA",
            "weight": 8
        },
        {
            "source": "OBI-WAN",
            "target": "R2-D2",
            "weight": 28
        },
        {
            "source": "PADME",
            "target": "R2-D2",
            "weight": 24
        },
        {
            "source": "QUI-GON",
            "target": "R2-D2",
            "weight": 13
        },
        {
            "source": "R2-D2",
            "target": "WATTO",
            "weight": 3
        },
        {
            "source": "C-3PO",
            "target": "R2-D2",
            "weight": 55
        },
        {
            "source": "KITSTER",
            "target": "R2-D2",
            "weight": 2
        },
        {
            "source": "JABBA",
            "target": "R2-D2",
            "weight": 4
        },
        {
            "source": "EMPEROR",
            "target": "R2-D2",
            "weight": 5
        },
        {
            "source": "CAPTAIN TYPHO",
            "target": "R2-D2",
            "weight": 1
        },
        {
            "source": "BERU",
            "target": "R2-D2",
            "weight": 1
        },
        {
            "source": "OWEN",
            "target": "R2-D2",
            "weight": 2
        },
        {
            "source": "BAIL ORGANA",
            "target": "R2-D2",
            "weight": 3
        },
        {
            "source": "R2-D2",
            "target": "YODA",
            "weight": 5
        },
        {
            "source": "LUKE",
            "target": "R2-D2",
            "weight": 34
        },
        {
            "source": "LEIA",
            "target": "R2-D2",
            "weight": 23
        },
        {
            "source": "CAPTAIN ANTILLES",
            "target": "R2-D2",
            "weight": 1
        },
        {
            "source": "BIGGS",
            "target": "R2-D2",
            "weight": 1
        },
        {
            "source": "HAN",
            "target": "R2-D2",
            "weight": 18
        },
        {
            "source": "LANDO",
            "target": "R2-D2",
            "weight": 5
        },
        {
            "source": "CHEWBACCA",
            "target": "OBI-WAN",
            "weight": 6
        },
        {
            "source": "C-3PO",
            "target": "CHEWBACCA",
            "weight": 39
        },
        {
            "source": "CHEWBACCA",
            "target": "LUKE",
            "weight": 32
        },
        {
            "source": "CHEWBACCA",
            "target": "HAN",
            "weight": 77
        },
        {
            "source": "CHEWBACCA",
            "target": "JABBA",
            "weight": 3
        },
        {
            "source": "CHEWBACCA",
            "target": "LEIA",
            "weight": 48
        },
        {
            "source": "CHEWBACCA",
            "target": "RIEEKAN",
            "weight": 1
        },
        {
            "source": "CHEWBACCA",
            "target": "LANDO",
            "weight": 20
        },
        {
            "source": "BOBA FETT",
            "target": "CHEWBACCA",
            "weight": 2
        },
        {
            "source": "CHEWBACCA",
            "target": "FINN",
            "weight": 20
        },
        {
            "source": "CHEWBACCA",
            "target": "REY",
            "weight": 13
        },
        {
            "source": "BALA-TIK",
            "target": "CHEWBACCA",
            "weight": 1
        },
        {
            "source": "CHEWBACCA",
            "target": "MAZ",
            "weight": 2
        },
        {
            "source": "CHEWBACCA",
            "target": "POE",
            "weight": 2
        },
        {
            "source": "CHEWBACCA",
            "target": "KYLO REN",
            "weight": 3
        },
        {
            "source": "CAPTAIN PHASMA",
            "target": "CHEWBACCA",
            "weight": 1
        },
        {
            "source": "BB-8",
            "target": "POE",
            "weight": 8
        },
        {
            "source": "BB-8",
            "target": "LOR SAN TEKKA",
            "weight": 2
        },
        {
            "source": "BB-8",
            "target": "REY",
            "weight": 17
        },
        {
            "source": "BB-8",
            "target": "UNKAR PLUTT",
            "weight": 1
        },
        {
            "source": "BB-8",
            "target": "FINN",
            "weight": 15
        },
        {
            "source": "BB-8",
            "target": "HAN",
            "weight": 9
        },
        {
            "source": "BALA-TIK",
            "target": "BB-8",
            "weight": 1
        },
        {
            "source": "BB-8",
            "target": "MAZ",
            "weight": 3
        },
        {
            "source": "BB-8",
            "target": "LEIA",
            "weight": 3
        },
        {
            "source": "BB-8",
            "target": "C-3PO",
            "weight": 3
        },
        {
            "source": "NUTE GUNRAY",
            "target": "QUI-GON",
            "weight": 1
        },
        {
            "source": "PK-4",
            "target": "TC-14",
            "weight": 1
        },
        {
            "source": "OBI-WAN",
            "target": "TC-14",
            "weight": 1
        },
        {
            "source": "QUI-GON",
            "target": "TC-14",
            "weight": 1
        },
        {
            "source": "OBI-WAN",
            "target": "QUI-GON",
            "weight": 26
        },
        {
            "source": "NUTE GUNRAY",
            "target": "TC-14",
            "weight": 1
        },
        {
            "source": "DOFINE",
            "target": "NUTE GUNRAY",
            "weight": 1
        },
        {
            "source": "DOFINE",
            "target": "TC-14",
            "weight": 1
        },
        {
            "source": "NUTE GUNRAY",
            "target": "RUNE",
            "weight": 8
        },
        {
            "source": "RUNE",
            "target": "TEY HOW",
            "weight": 2
        },
        {
            "source": "NUTE GUNRAY",
            "target": "TEY HOW",
            "weight": 1
        },
        {
            "source": "CAPTAIN PANAKA",
            "target": "EMPEROR",
            "weight": 3
        },
        {
            "source": "EMPEROR",
            "target": "SIO BIBBLE",
            "weight": 1
        },
        {
            "source": "CAPTAIN PANAKA",
            "target": "SIO BIBBLE",
            "weight": 3
        },
        {
            "source": "JAR JAR",
            "target": "QUI-GON",
            "weight": 22
        },
        {
            "source": "JAR JAR",
            "target": "OBI-WAN",
            "weight": 15
        },
        {
            "source": "JAR JAR",
            "target": "TARPALS",
            "weight": 2
        },
        {
            "source": "BOSS NASS",
            "target": "QUI-GON",
            "weight": 2
        },
        {
            "source": "BOSS NASS",
            "target": "OBI-WAN",
            "weight": 2
        },
        {
            "source": "BOSS NASS",
            "target": "JAR JAR",
            "weight": 2
        },
        {
            "source": "EMPEROR",
            "target": "NUTE GUNRAY",
            "weight": 6
        },
        {
            "source": "EMPEROR",
            "target": "RUNE",
            "weight": 3
        },
        {
            "source": "NUTE GUNRAY",
            "target": "SIO BIBBLE",
            "weight": 2
        },
        {
            "source": "JAR JAR",
            "target": "SIO BIBBLE",
            "weight": 1
        },
        {
            "source": "CAPTAIN PANAKA",
            "target": "JAR JAR",
            "weight": 7
        },
        {
            "source": "QUI-GON",
            "target": "SIO BIBBLE",
            "weight": 2
        },
        {
            "source": "CAPTAIN PANAKA",
            "target": "QUI-GON",
            "weight": 9
        },
        {
            "source": "CAPTAIN PANAKA",
            "target": "PADME",
            "weight": 7
        },
        {
            "source": "PADME",
            "target": "QUI-GON",
            "weight": 16
        },
        {
            "source": "PADME",
            "target": "SIO BIBBLE",
            "weight": 1
        },
        {
            "source": "CAPTAIN PANAKA",
            "target": "OBI-WAN",
            "weight": 7
        },
        {
            "source": "OBI-WAN",
            "target": "RIC OLIE",
            "weight": 3
        },
        {
            "source": "JAR JAR",
            "target": "RIC OLIE",
            "weight": 1
        },
        {
            "source": "QUI-GON",
            "target": "RIC OLIE",
            "weight": 2
        },
        {
            "source": "CAPTAIN PANAKA",
            "target": "RIC OLIE",
            "weight": 2
        },
        {
            "source": "JAR JAR",
            "target": "PADME",
            "weight": 10
        },
        {
            "source": "QUI-GON",
            "target": "WATTO",
            "weight": 6
        },
        {
            "source": "PADME",
            "target": "WATTO",
            "weight": 3
        },
        {
            "source": "JAR JAR",
            "target": "SEBULBA",
            "weight": 2
        },
        {
            "source": "QUI-GON",
            "target": "SEBULBA",
            "weight": 2
        },
        {
            "source": "PADME",
            "target": "SEBULBA",
            "weight": 2
        },
        {
            "source": "JIRA",
            "target": "QUI-GON",
            "weight": 2
        },
        {
            "source": "JIRA",
            "target": "PADME",
            "weight": 1
        },
        {
            "source": "JAR JAR",
            "target": "SHMI",
            "weight": 3
        },
        {
            "source": "QUI-GON",
            "target": "SHMI",
            "weight": 8
        },
        {
            "source": "PADME",
            "target": "SHMI",
            "weight": 5
        },
        {
            "source": "C-3PO",
            "target": "PADME",
            "weight": 12
        },
        {
            "source": "OBI-WAN",
            "target": "SIO BIBBLE",
            "weight": 1
        },
        {
            "source": "DARTH MAUL",
            "target": "EMPEROR",
            "weight": 3
        },
        {
            "source": "KITSTER",
            "target": "WALD",
            "weight": 1
        },
        {
            "source": "JAR JAR",
            "target": "KITSTER",
            "weight": 1
        },
        {
            "source": "KITSTER",
            "target": "QUI-GON",
            "weight": 2
        },
        {
            "source": "JAR JAR",
            "target": "WALD",
            "weight": 1
        },
        {
            "source": "QUI-GON",
            "target": "WALD",
            "weight": 2
        },
        {
            "source": "OBI-WAN",
            "target": "SHMI",
            "weight": 1
        },
        {
            "source": "C-3PO",
            "target": "WATTO",
            "weight": 1
        },
        {
            "source": "KITSTER",
            "target": "WATTO",
            "weight": 1
        },
        {
            "source": "C-3PO",
            "target": "QUI-GON",
            "weight": 1
        },
        {
            "source": "C-3PO",
            "target": "KITSTER",
            "weight": 1
        },
        {
            "source": "KITSTER",
            "target": "PADME",
            "weight": 1
        },
        {
            "source": "FODE/BEED",
            "target": "JABBA",
            "weight": 1
        },
        {
            "source": "JABBA",
            "target": "SHMI",
            "weight": 1
        },
        {
            "source": "SEBULBA",
            "target": "SHMI",
            "weight": 1
        },
        {
            "source": "JABBA",
            "target": "JAR JAR",
            "weight": 1
        },
        {
            "source": "JABBA",
            "target": "PADME",
            "weight": 1
        },
        {
            "source": "JABBA",
            "target": "SEBULBA",
            "weight": 1
        },
        {
            "source": "JABBA",
            "target": "QUI-GON",
            "weight": 1
        },
        {
            "source": "FODE/BEED",
            "target": "JAR JAR",
            "weight": 2
        },
        {
            "source": "FODE/BEED",
            "target": "PADME",
            "weight": 1
        },
        {
            "source": "GREEDO",
            "target": "QUI-GON",
            "weight": 1
        },
        {
            "source": "GREEDO",
            "target": "WALD",
            "weight": 1
        },
        {
            "source": "KITSTER",
            "target": "SHMI",
            "weight": 1
        },
        {
            "source": "EMPEROR",
            "target": "VALORUM",
            "weight": 2
        },
        {
            "source": "EMPEROR",
            "target": "JAR JAR",
            "weight": 5
        },
        {
            "source": "EMPEROR",
            "target": "QUI-GON",
            "weight": 1
        },
        {
            "source": "JAR JAR",
            "target": "VALORUM",
            "weight": 1
        },
        {
            "source": "QUI-GON",
            "target": "VALORUM",
            "weight": 1
        },
        {
            "source": "MACE WINDU",
            "target": "QUI-GON",
            "weight": 2
        },
        {
            "source": "KI-ADI-MUNDI",
            "target": "QUI-GON",
            "weight": 2
        },
        {
            "source": "QUI-GON",
            "target": "YODA",
            "weight": 3
        },
        {
            "source": "QUI-GON",
            "target": "RABE",
            "weight": 1
        },
        {
            "source": "KI-ADI-MUNDI",
            "target": "MACE WINDU",
            "weight": 4
        },
        {
            "source": "MACE WINDU",
            "target": "YODA",
            "weight": 16
        },
        {
            "source": "MACE WINDU",
            "target": "RABE",
            "weight": 1
        },
        {
            "source": "KI-ADI-MUNDI",
            "target": "YODA",
            "weight": 4
        },
        {
            "source": "KI-ADI-MUNDI",
            "target": "RABE",
            "weight": 1
        },
        {
            "source": "RABE",
            "target": "YODA",
            "weight": 1
        },
        {
            "source": "BAIL ORGANA",
            "target": "EMPEROR",
            "weight": 6
        },
        {
            "source": "BAIL ORGANA",
            "target": "VALORUM",
            "weight": 1
        },
        {
            "source": "OBI-WAN",
            "target": "YODA",
            "weight": 20
        },
        {
            "source": "MACE WINDU",
            "target": "OBI-WAN",
            "weight": 9
        },
        {
            "source": "KI-ADI-MUNDI",
            "target": "OBI-WAN",
            "weight": 1
        },
        {
            "source": "BOSS NASS",
            "target": "PADME",
            "weight": 2
        },
        {
            "source": "DARTH MAUL",
            "target": "NUTE GUNRAY",
            "weight": 3
        },
        {
            "source": "BOSS NASS",
            "target": "CAPTAIN PANAKA",
            "weight": 1
        },
        {
            "source": "OBI-WAN",
            "target": "PADME",
            "weight": 9
        },
        {
            "source": "EMPEROR",
            "target": "GENERAL CEEL",
            "weight": 1
        },
        {
            "source": "GENERAL CEEL",
            "target": "NUTE GUNRAY",
            "weight": 1
        },
        {
            "source": "DARTH MAUL",
            "target": "GENERAL CEEL",
            "weight": 1
        },
        {
            "source": "DARTH MAUL",
            "target": "RUNE",
            "weight": 1
        },
        {
            "source": "BRAVO TWO",
            "target": "RIC OLIE",
            "weight": 4
        },
        {
            "source": "GENERAL CEEL",
            "target": "JAR JAR",
            "weight": 1
        },
        {
            "source": "NUTE GUNRAY",
            "target": "PADME",
            "weight": 2
        },
        {
            "source": "DOFINE",
            "target": "TEY HOW",
            "weight": 1
        },
        {
            "source": "BRAVO THREE",
            "target": "BRAVO TWO",
            "weight": 2
        },
        {
            "source": "BRAVO THREE",
            "target": "RIC OLIE",
            "weight": 2
        },
        {
            "source": "EMPEROR",
            "target": "PADME",
            "weight": 5
        },
        {
            "source": "EMPEROR",
            "target": "SENATOR ASK AAK",
            "weight": 2
        },
        {
            "source": "EMPEROR",
            "target": "ORN FREE TAA",
            "weight": 2
        },
        {
            "source": "ORN FREE TAA",
            "target": "SENATOR ASK AAK",
            "weight": 1
        },
        {
            "source": "EMPEROR",
            "target": "MACE WINDU",
            "weight": 3
        },
        {
            "source": "EMPEROR",
            "target": "YODA",
            "weight": 2
        },
        {
            "source": "EMPEROR",
            "target": "KI-ADI-MUNDI",
            "weight": 1
        },
        {
            "source": "BAIL ORGANA",
            "target": "MACE WINDU",
            "weight": 2
        },
        {
            "source": "BAIL ORGANA",
            "target": "YODA",
            "weight": 8
        },
        {
            "source": "BAIL ORGANA",
            "target": "KI-ADI-MUNDI",
            "weight": 1
        },
        {
            "source": "CAPTAIN TYPHO",
            "target": "JAR JAR",
            "weight": 1
        },
        {
            "source": "CAPTAIN TYPHO",
            "target": "OBI-WAN",
            "weight": 2
        },
        {
            "source": "OBI-WAN",
            "target": "PK-4",
            "weight": 1
        },
        {
            "source": "PADME",
            "target": "SOLA",
            "weight": 1
        },
        {
            "source": "JOBAL",
            "target": "SOLA",
            "weight": 2
        },
        {
            "source": "RUWEE",
            "target": "SOLA",
            "weight": 1
        },
        {
            "source": "JOBAL",
            "target": "PADME",
            "weight": 1
        },
        {
            "source": "PADME",
            "target": "RUWEE",
            "weight": 1
        },
        {
            "source": "JOBAL",
            "target": "RUWEE",
            "weight": 1
        },
        {
            "source": "OBI-WAN",
            "target": "TAUN WE",
            "weight": 5
        },
        {
            "source": "LAMA SU",
            "target": "TAUN WE",
            "weight": 2
        },
        {
            "source": "LAMA SU",
            "target": "OBI-WAN",
            "weight": 6
        },
        {
            "source": "BOBA FETT",
            "target": "TAUN WE",
            "weight": 2
        },
        {
            "source": "BOBA FETT",
            "target": "JANGO FETT",
            "weight": 3
        },
        {
            "source": "BOBA FETT",
            "target": "OBI-WAN",
            "weight": 1
        },
        {
            "source": "JANGO FETT",
            "target": "TAUN WE",
            "weight": 1
        },
        {
            "source": "JANGO FETT",
            "target": "OBI-WAN",
            "weight": 1
        },
        {
            "source": "C-3PO",
            "target": "OWEN",
            "weight": 4
        },
        {
            "source": "BERU",
            "target": "C-3PO",
            "weight": 3
        },
        {
            "source": "C-3PO",
            "target": "CLIEGG",
            "weight": 1
        },
        {
            "source": "BERU",
            "target": "OWEN",
            "weight": 4
        },
        {
            "source": "OWEN",
            "target": "PADME",
            "weight": 4
        },
        {
            "source": "CLIEGG",
            "target": "OWEN",
            "weight": 2
        },
        {
            "source": "BERU",
            "target": "PADME",
            "weight": 1
        },
        {
            "source": "BERU",
            "target": "CLIEGG",
            "weight": 1
        },
        {
            "source": "CLIEGG",
            "target": "PADME",
            "weight": 2
        },
        {
            "source": "BAIL ORGANA",
            "target": "OBI-WAN",
            "weight": 8
        },
        {
            "source": "EMPEROR",
            "target": "OBI-WAN",
            "weight": 5
        },
        {
            "source": "OBI-WAN",
            "target": "SENATOR ASK AAK",
            "weight": 1
        },
        {
            "source": "BAIL ORGANA",
            "target": "SENATOR ASK AAK",
            "weight": 1
        },
        {
            "source": "BAIL ORGANA",
            "target": "JAR JAR",
            "weight": 1
        },
        {
            "source": "SENATOR ASK AAK",
            "target": "YODA",
            "weight": 1
        },
        {
            "source": "JAR JAR",
            "target": "YODA",
            "weight": 1
        },
        {
            "source": "MACE WINDU",
            "target": "SENATOR ASK AAK",
            "weight": 1
        },
        {
            "source": "JAR JAR",
            "target": "MACE WINDU",
            "weight": 1
        },
        {
            "source": "JAR JAR",
            "target": "SENATOR ASK AAK",
            "weight": 1
        },
        {
            "source": "MACE WINDU",
            "target": "PADME",
            "weight": 2
        },
        {
            "source": "JAR JAR",
            "target": "ORN FREE TAA",
            "weight": 1
        },
        {
            "source": "COUNT DOOKU",
            "target": "PADME",
            "weight": 3
        },
        {
            "source": "COUNT DOOKU",
            "target": "JANGO FETT",
            "weight": 1
        },
        {
            "source": "POGGLE",
            "target": "SUN RIT",
            "weight": 2
        },
        {
            "source": "NUTE GUNRAY",
            "target": "SUN RIT",
            "weight": 2
        },
        {
            "source": "NUTE GUNRAY",
            "target": "POGGLE",
            "weight": 2
        },
        {
            "source": "OBI-WAN",
            "target": "SUN RIT",
            "weight": 1
        },
        {
            "source": "OBI-WAN",
            "target": "POGGLE",
            "weight": 1
        },
        {
            "source": "NUTE GUNRAY",
            "target": "OBI-WAN",
            "weight": 1
        },
        {
            "source": "COUNT DOOKU",
            "target": "OBI-WAN",
            "weight": 3
        },
        {
            "source": "PADME",
            "target": "SUN RIT",
            "weight": 1
        },
        {
            "source": "COUNT DOOKU",
            "target": "SUN RIT",
            "weight": 1
        },
        {
            "source": "PADME",
            "target": "POGGLE",
            "weight": 1
        },
        {
            "source": "COUNT DOOKU",
            "target": "POGGLE",
            "weight": 1
        },
        {
            "source": "COUNT DOOKU",
            "target": "NUTE GUNRAY",
            "weight": 1
        },
        {
            "source": "COUNT DOOKU",
            "target": "MACE WINDU",
            "weight": 2
        },
        {
            "source": "KI-ADI-MUNDI",
            "target": "PLO KOON",
            "weight": 1
        },
        {
            "source": "COUNT DOOKU",
            "target": "YODA",
            "weight": 2
        },
        {
            "source": "PADME",
            "target": "YODA",
            "weight": 1
        },
        {
            "source": "COUNT DOOKU",
            "target": "EMPEROR",
            "weight": 2
        },
        {
            "source": "OBI-WAN",
            "target": "ODD BALL",
            "weight": 2
        },
        {
            "source": "GENERAL GRIEVOUS",
            "target": "OBI-WAN",
            "weight": 2
        },
        {
            "source": "C-3PO",
            "target": "OBI-WAN",
            "weight": 9
        },
        {
            "source": "C-3PO",
            "target": "EMPEROR",
            "weight": 2
        },
        {
            "source": "BAIL ORGANA",
            "target": "C-3PO",
            "weight": 3
        },
        {
            "source": "BAIL ORGANA",
            "target": "PADME",
            "weight": 5
        },
        {
            "source": "BAIL ORGANA",
            "target": "FANG ZAR",
            "weight": 2
        },
        {
            "source": "BAIL ORGANA",
            "target": "MON MOTHMA",
            "weight": 2
        },
        {
            "source": "BAIL ORGANA",
            "target": "GIDDEAN DANU",
            "weight": 1
        },
        {
            "source": "FANG ZAR",
            "target": "PADME",
            "weight": 2
        },
        {
            "source": "FANG ZAR",
            "target": "MON MOTHMA",
            "weight": 2
        },
        {
            "source": "FANG ZAR",
            "target": "GIDDEAN DANU",
            "weight": 1
        },
        {
            "source": "MON MOTHMA",
            "target": "PADME",
            "weight": 2
        },
        {
            "source": "GIDDEAN DANU",
            "target": "PADME",
            "weight": 1
        },
        {
            "source": "GIDDEAN DANU",
            "target": "MON MOTHMA",
            "weight": 1
        },
        {
            "source": "CAPTAIN TYPHO",
            "target": "PADME",
            "weight": 2
        },
        {
            "source": "C-3PO",
            "target": "CAPTAIN TYPHO",
            "weight": 2
        },
        {
            "source": "CLONE COMMANDER GREE",
            "target": "YODA",
            "weight": 1
        },
        {
            "source": "CLONE COMMANDER CODY",
            "target": "OBI-WAN",
            "weight": 2
        },
        {
            "source": "OBI-WAN",
            "target": "TION MEDON",
            "weight": 1
        },
        {
            "source": "GENERAL GRIEVOUS",
            "target": "NUTE GUNRAY",
            "weight": 1
        },
        {
            "source": "CLONE COMMANDER CODY",
            "target": "MACE WINDU",
            "weight": 1
        },
        {
            "source": "CLONE COMMANDER CODY",
            "target": "YODA",
            "weight": 1
        },
        {
            "source": "BAIL ORGANA",
            "target": "CAPTAIN ANTILLES",
            "weight": 2
        },
        {
            "source": "BAIL ORGANA",
            "target": "QUI-GON",
            "weight": 1
        },
        {
            "source": "C-3PO",
            "target": "YODA",
            "weight": 1
        },
        {
            "source": "C-3PO",
            "target": "CAPTAIN ANTILLES",
            "weight": 1
        },
        {
            "source": "CAMIE",
            "target": "LUKE",
            "weight": 2
        },
        {
            "source": "BIGGS",
            "target": "CAMIE",
            "weight": 2
        },
        {
            "source": "BIGGS",
            "target": "LUKE",
            "weight": 4
        },
        {
            "source": "BERU",
            "target": "LUKE",
            "weight": 3
        },
        {
            "source": "LUKE",
            "target": "OWEN",
            "weight": 3
        },
        {
            "source": "C-3PO",
            "target": "LUKE",
            "weight": 29
        },
        {
            "source": "C-3PO",
            "target": "LEIA",
            "weight": 49
        },
        {
            "source": "LEIA",
            "target": "LUKE",
            "weight": 26
        },
        {
            "source": "BERU",
            "target": "LEIA",
            "weight": 1
        },
        {
            "source": "LUKE",
            "target": "OBI-WAN",
            "weight": 22
        },
        {
            "source": "LEIA",
            "target": "OBI-WAN",
            "weight": 1
        },
        {
            "source": "MOTTI",
            "target": "TARKIN",
            "weight": 2
        },
        {
            "source": "HAN",
            "target": "OBI-WAN",
            "weight": 10
        },
        {
            "source": "HAN",
            "target": "LUKE",
            "weight": 43
        },
        {
            "source": "GREEDO",
            "target": "HAN",
            "weight": 1
        },
        {
            "source": "HAN",
            "target": "JABBA",
            "weight": 1
        },
        {
            "source": "C-3PO",
            "target": "HAN",
            "weight": 54
        },
        {
            "source": "LEIA",
            "target": "MOTTI",
            "weight": 1
        },
        {
            "source": "LEIA",
            "target": "TARKIN",
            "weight": 1
        },
        {
            "source": "HAN",
            "target": "LEIA",
            "weight": 69
        },
        {
            "source": "DODONNA",
            "target": "GOLD LEADER",
            "weight": 1
        },
        {
            "source": "DODONNA",
            "target": "WEDGE",
            "weight": 1
        },
        {
            "source": "DODONNA",
            "target": "LUKE",
            "weight": 1
        },
        {
            "source": "GOLD LEADER",
            "target": "WEDGE",
            "weight": 1
        },
        {
            "source": "GOLD LEADER",
            "target": "LUKE",
            "weight": 1
        },
        {
            "source": "LUKE",
            "target": "WEDGE",
            "weight": 4
        },
        {
            "source": "BIGGS",
            "target": "LEIA",
            "weight": 1
        },
        {
            "source": "LEIA",
            "target": "RED LEADER",
            "weight": 1
        },
        {
            "source": "LUKE",
            "target": "RED LEADER",
            "weight": 3
        },
        {
            "source": "BIGGS",
            "target": "RED LEADER",
            "weight": 3
        },
        {
            "source": "BIGGS",
            "target": "C-3PO",
            "weight": 1
        },
        {
            "source": "C-3PO",
            "target": "RED LEADER",
            "weight": 1
        },
        {
            "source": "RED LEADER",
            "target": "WEDGE",
            "weight": 3
        },
        {
            "source": "GOLD LEADER",
            "target": "RED LEADER",
            "weight": 1
        },
        {
            "source": "BIGGS",
            "target": "WEDGE",
            "weight": 2
        },
        {
            "source": "RED LEADER",
            "target": "RED TEN",
            "weight": 1
        },
        {
            "source": "BIGGS",
            "target": "GOLD LEADER",
            "weight": 1
        },
        {
            "source": "LUKE",
            "target": "RED TEN",
            "weight": 1
        },
        {
            "source": "HAN",
            "target": "RIEEKAN",
            "weight": 3
        },
        {
            "source": "LEIA",
            "target": "RIEEKAN",
            "weight": 4
        },
        {
            "source": "C-3PO",
            "target": "DERLIN",
            "weight": 1
        },
        {
            "source": "HAN",
            "target": "ZEV",
            "weight": 1
        },
        {
            "source": "C-3PO",
            "target": "RIEEKAN",
            "weight": 1
        },
        {
            "source": "OZZEL",
            "target": "PIETT",
            "weight": 2
        },
        {
            "source": "DERLIN",
            "target": "LEIA",
            "weight": 1
        },
        {
            "source": "DACK",
            "target": "LUKE",
            "weight": 3
        },
        {
            "source": "JANSON",
            "target": "WEDGE",
            "weight": 2
        },
        {
            "source": "LUKE",
            "target": "ZEV",
            "weight": 1
        },
        {
            "source": "NEEDA",
            "target": "PIETT",
            "weight": 1
        },
        {
            "source": "LUKE",
            "target": "YODA",
            "weight": 6
        },
        {
            "source": "BOBA FETT",
            "target": "PIETT",
            "weight": 1
        },
        {
            "source": "HAN",
            "target": "LANDO",
            "weight": 12
        },
        {
            "source": "LANDO",
            "target": "LEIA",
            "weight": 12
        },
        {
            "source": "C-3PO",
            "target": "LANDO",
            "weight": 8
        },
        {
            "source": "BOBA FETT",
            "target": "LANDO",
            "weight": 2
        },
        {
            "source": "BOBA FETT",
            "target": "C-3PO",
            "weight": 1
        },
        {
            "source": "BOBA FETT",
            "target": "HAN",
            "weight": 1
        },
        {
            "source": "BOBA FETT",
            "target": "LEIA",
            "weight": 1
        },
        {
            "source": "LANDO",
            "target": "LUKE",
            "weight": 6
        },
        {
            "source": "BIB FORTUNA",
            "target": "C-3PO",
            "weight": 2
        },
        {
            "source": "C-3PO",
            "target": "JABBA",
            "weight": 3
        },
        {
            "source": "JABBA",
            "target": "LUKE",
            "weight": 2
        },
        {
            "source": "BOUSHH",
            "target": "JABBA",
            "weight": 1
        },
        {
            "source": "BOUSHH",
            "target": "C-3PO",
            "weight": 2
        },
        {
            "source": "BOUSHH",
            "target": "HAN",
            "weight": 1
        },
        {
            "source": "BOUSHH",
            "target": "LEIA",
            "weight": 1
        },
        {
            "source": "BIB FORTUNA",
            "target": "LUKE",
            "weight": 1
        },
        {
            "source": "BIB FORTUNA",
            "target": "JABBA",
            "weight": 1
        },
        {
            "source": "HAN",
            "target": "MON MOTHMA",
            "weight": 1
        },
        {
            "source": "ADMIRAL ACKBAR",
            "target": "HAN",
            "weight": 2
        },
        {
            "source": "LANDO",
            "target": "MON MOTHMA",
            "weight": 1
        },
        {
            "source": "ADMIRAL ACKBAR",
            "target": "LANDO",
            "weight": 5
        },
        {
            "source": "ADMIRAL ACKBAR",
            "target": "MON MOTHMA",
            "weight": 1
        },
        {
            "source": "C-3PO",
            "target": "MON MOTHMA",
            "weight": 1
        },
        {
            "source": "LEIA",
            "target": "MON MOTHMA",
            "weight": 1
        },
        {
            "source": "LUKE",
            "target": "MON MOTHMA",
            "weight": 1
        },
        {
            "source": "ADMIRAL ACKBAR",
            "target": "C-3PO",
            "weight": 2
        },
        {
            "source": "ADMIRAL ACKBAR",
            "target": "LEIA",
            "weight": 2
        },
        {
            "source": "ADMIRAL ACKBAR",
            "target": "LUKE",
            "weight": 1
        },
        {
            "source": "EMPEROR",
            "target": "LUKE",
            "weight": 3
        },
        {
            "source": "LANDO",
            "target": "WEDGE",
            "weight": 6
        },
        {
            "source": "ADMIRAL ACKBAR",
            "target": "WEDGE",
            "weight": 1
        },
        {
            "source": "LOR SAN TEKKA",
            "target": "POE",
            "weight": 3
        },
        {
            "source": "KYLO REN",
            "target": "LOR SAN TEKKA",
            "weight": 1
        },
        {
            "source": "KYLO REN",
            "target": "POE",
            "weight": 2
        },
        {
            "source": "CAPTAIN PHASMA",
            "target": "KYLO REN",
            "weight": 1
        },
        {
            "source": "CAPTAIN PHASMA",
            "target": "LOR SAN TEKKA",
            "weight": 1
        },
        {
            "source": "CAPTAIN PHASMA",
            "target": "POE",
            "weight": 1
        },
        {
            "source": "CAPTAIN PHASMA",
            "target": "FINN",
            "weight": 3
        },
        {
            "source": "GENERAL HUX",
            "target": "KYLO REN",
            "weight": 5
        },
        {
            "source": "REY",
            "target": "UNKAR PLUTT",
            "weight": 2
        },
        {
            "source": "FINN",
            "target": "POE",
            "weight": 11
        },
        {
            "source": "GENERAL HUX",
            "target": "LIEUTENANT MITAKA",
            "weight": 1
        },
        {
            "source": "KYLO REN",
            "target": "LIEUTENANT MITAKA",
            "weight": 2
        },
        {
            "source": "CAPTAIN PHASMA",
            "target": "GENERAL HUX",
            "weight": 1
        },
        {
            "source": "FINN",
            "target": "REY",
            "weight": 29
        },
        {
            "source": "HAN",
            "target": "REY",
            "weight": 17
        },
        {
            "source": "FINN",
            "target": "HAN",
            "weight": 23
        },
        {
            "source": "BALA-TIK",
            "target": "HAN",
            "weight": 2
        },
        {
            "source": "BALA-TIK",
            "target": "REY",
            "weight": 1
        },
        {
            "source": "BALA-TIK",
            "target": "FINN",
            "weight": 1
        },
        {
            "source": "GENERAL HUX",
            "target": "SNOKE",
            "weight": 3
        },
        {
            "source": "KYLO REN",
            "target": "SNOKE",
            "weight": 2
        },
        {
            "source": "HAN",
            "target": "MAZ",
            "weight": 4
        },
        {
            "source": "FINN",
            "target": "MAZ",
            "weight": 2
        },
        {
            "source": "MAZ",
            "target": "REY",
            "weight": 2
        },
        {
            "source": "HAN",
            "target": "POE",
            "weight": 2
        },
        {
            "source": "LEIA",
            "target": "POE",
            "weight": 3
        },
        {
            "source": "FINN",
            "target": "LEIA",
            "weight": 3
        },
        {
            "source": "KYLO REN",
            "target": "REY",
            "weight": 4
        },
        {
            "source": "POE",
            "target": "SNAP",
            "weight": 2
        },
        {
            "source": "ADMIRAL ACKBAR",
            "target": "POE",
            "weight": 1
        },
        {
            "source": "C-3PO",
            "target": "POE",
            "weight": 2
        },
        {
            "source": "ADMIRAL STATURA",
            "target": "POE",
            "weight": 1
        },
        {
            "source": "HAN",
            "target": "SNAP",
            "weight": 1
        },
        {
            "source": "ADMIRAL ACKBAR",
            "target": "SNAP",
            "weight": 1
        },
        {
            "source": "FINN",
            "target": "SNAP",
            "weight": 1
        },
        {
            "source": "LEIA",
            "target": "SNAP",
            "weight": 1
        },
        {
            "source": "C-3PO",
            "target": "SNAP",
            "weight": 1
        },
        {
            "source": "ADMIRAL STATURA",
            "target": "SNAP",
            "weight": 1
        },
        {
            "source": "ADMIRAL STATURA",
            "target": "HAN",
            "weight": 1
        },
        {
            "source": "ADMIRAL ACKBAR",
            "target": "FINN",
            "weight": 1
        },
        {
            "source": "ADMIRAL ACKBAR",
            "target": "ADMIRAL STATURA",
            "weight": 1
        },
        {
            "source": "C-3PO",
            "target": "FINN",
            "weight": 1
        },
        {
            "source": "ADMIRAL STATURA",
            "target": "FINN",
            "weight": 1
        },
        {
            "source": "ADMIRAL STATURA",
            "target": "LEIA",
            "weight": 2
        },
        {
            "source": "ADMIRAL STATURA",
            "target": "C-3PO",
            "weight": 2
        },
        {
            "source": "CAPTAIN PHASMA",
            "target": "HAN",
            "weight": 2
        },
        {
            "source": "COLONEL DATOO",
            "target": "GENERAL HUX",
            "weight": 1
        },
        {
            "source": "ELLO ASTY",
            "target": "POE",
            "weight": 3
        },
        {
            "source": "JESS",
            "target": "SNAP",
            "weight": 1
        },
        {
            "source": "HAN",
            "target": "KYLO REN",
            "weight": 3
        },
        {
            "source": "FINN",
            "target": "KYLO REN",
            "weight": 2
        },
        {
            "source": "JESS",
            "target": "NIV LEK",
            "weight": 2
        },
        {
            "source": "NIV LEK",
            "target": "YOLO ZIFF",
            "weight": 1
        },
        {
            "source": "NIV LEK",
            "target": "POE",
            "weight": 2
        },
        {
            "source": "ELLO ASTY",
            "target": "NIV LEK",
            "weight": 2
        },
        {
            "source": "JESS",
            "target": "YOLO ZIFF",
            "weight": 1
        },
        {
            "source": "JESS",
            "target": "POE",
            "weight": 2
        },
        {
            "source": "ELLO ASTY",
            "target": "JESS",
            "weight": 2
        },
        {
            "source": "POE",
            "target": "YOLO ZIFF",
            "weight": 1
        },
        {
            "source": "ELLO ASTY",
            "target": "YOLO ZIFF",
            "weight": 1
        },
        {
            "source": "LEIA",
            "target": "REY",
            "weight": 1
        },
        {
            "source": "LUKE",
            "target": "REY",
            "weight": 1
        }
    ]
}